avg_reaction_time,reaction_time_std,memory_score,accuracy,stroop_error_rate,go_nogo_accuracy,risk_level
335.5,38.2,0.842,0.941,0.057,0.848,Low
300.0,44.5,0.885,0.789,0.063,0.835,Low
542.2,104.9,0.85,0.728,0.229,0.639,Low
356.0,44.5,0.843,0.842,0.039,0.87,Low
370.8,38.9,0.719,0.946,0.191,0.952,Low
793.1,182.0,0.329,0.409,0.446,0.442,High
334.8,36.3,0.867,0.933,0.116,0.925,Low
319.7,46.0,0.806,0.855,0.127,0.826,Low
717.7,158.1,0.468,0.576,0.49,0.504,High
556.1,88.5,0.492,0.773,0.283,0.682,Low
348.4,42.4,0.803,0.854,0.1,0.949,Low
662.3,94.4,0.592,0.747,0.202,0.651,Moderate
420.7,98.6,0.584,0.68,0.252,0.667,Low
523.4,125.1,0.618,0.583,0.145,0.601,Moderate
540.4,90.1,0.663,0.682,0.18,0.646,Low
826.0,131.3,0.346,0.574,0.352,0.577,High
527.2,91.9,0.576,0.765,0.339,0.75,Low
618.9,59.4,0.668,0.636,0.263,0.667,Low
365.7,40.6,0.904,0.912,0.135,1.0,Low
322.4,46.9,0.924,0.828,0.105,0.953,Low
389.1,43.5,0.834,0.807,0.122,0.96,Low
534.9,61.7,0.689,0.789,0.25,0.755,Low
325.2,27.3,0.89,0.866,0.128,0.912,Low
495.6,89.1,0.533,0.768,0.223,0.669,Low
772.6,178.5,0.368,0.574,0.463,0.456,High
408.4,35.9,0.87,0.986,0.089,0.831,Low
422.3,35.5,0.89,0.944,0.042,0.963,Low
598.3,96.4,0.622,0.761,0.321,0.681,Low
593.9,94.4,0.516,0.595,0.232,0.612,Moderate
472.7,98.9,0.583,0.706,0.157,0.653,Low
613.0,58.2,0.835,0.829,0.315,0.746,Low
642.9,74.3,0.58,0.583,0.166,0.813,Moderate
392.7,20.0,0.896,0.956,0.095,0.979,Low
350.8,22.2,0.801,0.992,0.079,0.824,Low
300.2,22.0,0.943,0.959,0.075,0.852,Low
604.3,112.7,0.602,0.704,0.265,0.69,Moderate
355.4,56.1,0.875,0.884,0.098,0.873,Low
360.5,37.1,0.891,0.852,0.055,0.859,Low
601.7,104.5,0.563,0.761,0.259,0.623,Low
672.7,129.5,0.353,0.601,0.493,0.449,High
380.5,44.3,0.778,0.937,0.07,0.931,Low
763.7,144.7,0.534,0.595,0.292,0.449,High
626.2,106.7,0.557,0.699,0.074,0.822,Moderate
404.6,48.6,0.785,0.892,0.102,0.932,Low
426.2,30.2,0.767,0.962,0.0,0.974,Low
367.9,35.0,0.765,0.877,0.131,0.926,Low
693.3,138.9,0.376,0.552,0.404,0.549,High
398.9,35.5,1.0,0.904,0.063,0.992,Low
573.3,114.4,0.489,0.755,0.209,0.572,Low
465.2,99.1,0.671,0.768,0.272,0.798,Low
775.6,152.9,0.421,0.443,0.42,0.474,High
432.9,67.5,0.61,0.696,0.238,0.704,Moderate
871.0,167.8,0.378,0.408,0.318,0.517,High
530.3,82.4,0.642,0.843,0.228,0.804,Low
641.6,94.2,0.528,0.681,0.324,0.75,Moderate
310.8,49.4,0.891,0.872,0.088,0.75,Low
419.3,38.3,0.819,0.928,0.069,0.78,Low
647.4,54.0,0.609,0.695,0.143,0.719,Moderate
900.0,152.0,0.369,0.487,0.351,0.441,High
322.6,33.1,0.825,0.743,0.076,0.883,Low
631.1,74.5,0.554,0.741,0.182,0.582,Moderate
542.4,35.2,0.697,0.631,0.222,0.757,Low
441.0,20.0,0.755,0.826,0.073,0.877,Low
349.1,31.5,0.837,0.935,0.122,0.919,Low
475.0,45.1,0.785,0.975,0.064,0.84,Low
465.2,113.5,0.622,0.709,0.195,0.661,Low
364.7,30.9,0.754,0.847,0.0,0.921,Low
395.6,34.2,0.839,0.896,0.051,0.848,Low
900.0,200.0,0.465,0.467,0.366,0.41,High
552.5,82.3,0.483,0.756,0.14,0.701,Low
571.1,79.8,0.566,0.753,0.297,0.742,Low
473.8,64.2,0.635,0.706,0.254,0.806,Low
356.2,40.9,0.795,0.861,0.102,0.942,Low
369.2,44.5,0.8,0.958,0.053,0.746,Low
485.2,90.4,0.598,0.758,0.282,0.688,Low
386.6,40.7,0.75,0.856,0.1,0.955,Low
750.8,170.1,0.324,0.463,0.491,0.508,High
431.5,30.6,0.786,0.847,0.119,0.938,Low
482.1,97.0,0.525,0.664,0.232,0.747,Low
590.8,156.1,0.602,0.703,0.345,0.727,Moderate
595.0,61.5,0.499,0.832,0.233,0.688,Low
732.3,103.1,0.567,0.691,0.295,0.633,Moderate
414.1,20.0,0.802,0.918,0.131,0.831,Low
335.0,33.5,0.819,0.801,0.112,0.871,Low
519.0,102.9,0.548,0.688,0.22,0.693,Low
348.7,41.7,0.811,0.889,0.183,0.814,Low
663.3,23.5,0.433,0.613,0.138,0.696,Moderate
771.0,173.2,0.458,0.427,0.378,0.475,High
574.6,90.7,0.557,0.649,0.227,0.67,Moderate
559.0,84.3,0.693,0.634,0.236,0.7,Low
540.6,66.6,0.47,0.824,0.133,0.615,Moderate
625.4,54.7,0.732,0.548,0.097,0.636,Moderate
638.3,89.2,0.59,0.794,0.371,0.734,Moderate
328.5,36.0,0.69,0.913,0.16,0.923,Low
444.8,50.7,0.74,0.911,0.074,0.928,Low
559.1,95.0,0.491,0.741,0.113,0.616,Moderate
614.4,46.2,0.807,0.679,0.227,0.694,Low
404.3,20.0,0.82,0.84,0.012,0.939,Low
387.2,31.7,0.978,0.877,0.018,0.856,Low
514.7,113.2,0.461,0.78,0.128,0.662,Low
829.0,175.5,0.49,0.594,0.373,0.524,High
412.7,36.3,0.856,0.867,0.125,0.875,Low
323.8,40.0,0.737,0.957,0.07,0.888,Low
541.0,116.1,0.698,0.72,0.126,0.727,Low
822.8,161.2,0.486,0.472,0.369,0.4,High
679.1,116.0,0.339,0.576,0.382,0.424,High
302.7,22.9,0.734,0.921,0.073,0.83,Low
900.0,143.4,0.482,0.633,0.306,0.485,Moderate
402.2,28.8,0.78,0.87,0.065,0.81,Low
600.6,80.6,0.557,0.651,0.385,0.755,Moderate
365.5,40.8,0.863,0.945,0.046,0.886,Low
415.4,25.5,0.753,0.88,0.108,0.816,Low
571.2,138.2,0.484,0.544,0.479,0.401,High
389.6,38.1,0.895,0.905,0.096,0.923,Low
640.5,128.3,0.562,0.734,0.194,0.613,Moderate
396.7,39.0,0.802,0.88,0.113,0.791,Low
625.2,56.2,0.755,0.715,0.239,0.648,Low
852.5,124.0,0.412,0.549,0.389,0.452,High
307.6,44.7,0.782,0.888,0.095,0.848,Low
374.8,20.0,0.879,0.945,0.012,0.856,Low
330.8,33.2,0.872,0.939,0.125,0.959,Low
766.7,131.3,0.392,0.564,0.326,0.596,High
833.9,154.8,0.35,0.473,0.404,0.464,High
810.3,159.3,0.419,0.504,0.442,0.531,High
523.3,98.1,0.732,0.734,0.148,0.676,Low
498.5,82.1,0.553,0.699,0.109,0.725,Low
368.9,34.7,0.806,0.839,0.179,0.85,Low
602.3,102.0,0.618,0.66,0.202,0.648,Moderate
476.1,34.8,0.862,0.987,0.045,0.882,Low
372.8,27.7,0.836,0.816,0.12,0.917,Low
391.0,27.0,0.965,0.901,0.096,0.921,Low
384.6,44.5,0.804,0.959,0.096,1.0,Low
338.7,29.7,0.869,0.948,0.199,0.874,Low
334.9,40.6,0.78,0.893,0.124,0.873,Low
468.1,67.5,0.479,0.84,0.213,0.822,Low
682.0,145.7,0.456,0.533,0.432,0.4,High
604.1,72.9,0.649,0.68,0.104,0.676,Moderate
300.0,37.4,0.728,0.899,0.095,0.875,Low
646.5,72.3,0.48,0.681,0.073,0.7,Moderate
406.0,21.1,0.753,0.911,0.114,0.953,Low
601.8,122.5,0.593,0.727,0.197,0.636,Low
572.1,64.1,0.603,0.731,0.179,0.681,Moderate
788.4,171.3,0.391,0.596,0.274,0.686,High
342.5,41.4,0.842,0.841,0.123,0.87,Low
578.1,140.1,0.707,0.722,0.189,0.685,Low
515.4,106.7,0.522,0.814,0.166,0.704,Low
840.3,153.7,0.424,0.62,0.434,0.505,High
421.9,40.7,0.878,0.918,0.132,0.864,Low
503.3,48.9,0.54,0.809,0.111,0.656,Low
386.8,28.0,0.907,0.972,0.0,0.839,Low
552.7,89.5,0.516,0.593,0.321,0.534,Moderate
620.8,104.4,0.597,0.727,0.207,0.724,Moderate
527.8,65.4,0.707,0.657,0.086,0.712,Low
543.8,50.3,0.608,0.689,0.152,0.724,Moderate
589.6,66.6,0.746,0.695,0.179,0.685,Low
852.4,169.6,0.38,0.548,0.43,0.4,High
563.5,108.8,0.687,0.651,0.276,0.635,Low
594.4,70.4,0.82,0.613,0.257,0.621,Low
429.0,51.2,0.697,0.896,0.138,0.779,Low
804.9,140.7,0.3,0.4,0.459,0.557,High
392.1,29.7,0.69,0.914,0.036,0.837,Low
349.6,35.3,0.77,0.922,0.121,0.887,Low
509.6,59.2,0.683,0.836,0.202,0.818,Low
520.6,105.7,0.538,0.706,0.331,0.655,Moderate
548.0,54.8,0.627,0.755,0.225,0.778,Low
358.9,38.6,0.86,0.915,0.037,0.827,Low
383.5,42.1,0.752,0.784,0.166,0.812,Low
795.1,160.0,0.373,0.552,0.374,0.562,High
814.1,175.0,0.365,0.503,0.329,0.455,High
382.0,36.7,0.802,0.892,0.179,0.862,Low
300.0,35.6,0.79,0.82,0.1,0.883,Low
300.0,37.9,0.843,0.832,0.102,0.803,Low
352.5,34.4,0.775,0.855,0.065,0.838,Low
580.9,71.8,0.482,0.764,0.255,0.863,Low
374.9,44.9,0.779,0.81,0.128,0.861,Low
578.2,85.6,0.585,0.699,0.28,0.616,Moderate
520.4,89.2,0.444,0.844,0.136,0.677,Moderate
441.8,78.9,0.541,0.541,0.24,0.697,Moderate
648.5,62.0,0.476,0.672,0.214,0.754,Moderate
596.6,110.0,0.562,0.712,0.137,0.685,Moderate
566.3,92.3,0.641,0.668,0.164,0.784,Moderate
407.2,46.6,0.784,0.854,0.091,0.838,Low
404.3,48.1,0.72,0.85,0.091,0.824,Low
545.0,91.0,0.751,0.826,0.272,0.727,Low
402.3,32.9,0.772,0.803,0.01,0.763,Low
751.0,151.7,0.415,0.508,0.32,0.544,High
830.3,139.7,0.485,0.51,0.453,0.531,High
393.1,35.3,0.812,0.875,0.113,0.915,Low
609.7,108.1,0.827,0.775,0.087,0.686,Low
599.7,112.5,0.564,0.733,0.202,0.678,Moderate
657.3,79.4,0.643,0.602,0.27,0.796,Moderate
391.1,49.5,0.704,0.814,0.062,0.831,Low
731.0,107.6,0.441,0.544,0.298,0.582,High
650.0,75.7,0.636,0.641,0.375,0.656,Moderate
691.7,137.2,0.767,0.767,0.176,0.746,Low
647.0,73.8,0.705,0.748,0.026,0.744,Low
346.3,33.6,0.858,0.798,0.088,0.915,Low
559.0,96.5,0.723,0.679,0.304,0.525,Moderate
323.6,23.3,0.778,0.926,0.004,0.89,Low
421.3,33.1,0.79,0.904,0.072,0.963,Low
388.2,31.2,0.59,0.87,0.116,0.927,Low
603.7,75.7,0.652,0.709,0.152,0.609,Low
729.6,136.9,0.379,0.63,0.368,0.479,High
786.1,131.7,0.3,0.448,0.415,0.486,High
773.4,144.9,0.462,0.456,0.333,0.52,High
584.8,98.7,0.547,0.678,0.19,0.637,Moderate
841.1,200.0,0.379,0.531,0.423,0.607,High
504.0,88.6,0.58,0.841,0.344,0.597,Low
435.9,35.6,0.768,0.876,0.055,0.916,Low
426.5,27.3,0.704,0.886,0.066,0.911,Low
776.3,141.6,0.406,0.582,0.342,0.48,High
658.6,75.8,0.455,0.714,0.245,0.789,Moderate
625.9,85.2,0.51,0.708,0.289,0.733,Moderate
764.1,172.1,0.362,0.484,0.418,0.533,High
350.6,37.0,0.835,0.894,0.101,0.88,Low
848.9,195.8,0.317,0.502,0.402,0.461,High
531.7,104.9,0.644,0.721,0.347,0.708,Moderate
570.1,122.6,0.612,0.543,0.185,0.759,Moderate
546.1,79.7,0.56,0.558,0.273,0.781,Moderate
375.9,47.3,0.823,0.888,0.095,0.833,Low
555.9,103.1,0.574,0.754,0.316,0.761,Low
421.1,21.8,0.878,0.92,0.032,0.93,Low
522.0,93.8,0.467,0.541,0.23,0.768,Moderate
768.7,136.4,0.384,0.55,0.374,0.533,High
633.3,76.8,0.679,0.673,0.244,0.628,Low
304.6,32.0,0.691,0.927,0.122,0.828,Low
805.7,182.5,0.463,0.535,0.444,0.435,High
536.0,90.9,0.651,0.781,0.239,0.731,Low
819.2,200.0,0.3,0.472,0.488,0.455,High
900.0,132.2,0.486,0.642,0.339,0.535,Moderate
369.7,20.0,0.854,0.889,0.139,0.917,Low
573.7,85.4,0.58,0.545,0.205,0.515,Moderate
526.3,73.3,0.602,0.7,0.296,0.634,Moderate
602.6,85.5,0.55,0.686,0.158,0.701,Moderate
578.9,116.9,0.584,0.654,0.124,0.531,Moderate
826.3,198.3,0.464,0.482,0.409,0.437,High
346.7,20.0,0.749,0.862,0.141,0.851,Low
400.5,33.3,0.918,0.949,0.127,0.776,Low
592.4,109.0,0.654,0.745,0.224,0.62,Low
312.1,28.5,1.0,0.851,0.002,0.924,Low
608.3,111.1,0.786,0.648,0.154,0.592,Low
401.1,39.9,0.674,0.838,0.007,0.95,Low
520.8,127.1,0.597,0.615,0.152,0.646,Low
495.2,120.3,0.606,0.65,0.298,0.585,Low
455.7,30.4,0.816,0.811,0.08,0.851,Low
336.1,31.4,0.676,0.859,0.076,0.894,Low
487.6,52.8,0.668,0.557,0.233,0.586,Low
566.9,120.7,0.524,0.639,0.132,0.611,Moderate
637.7,44.4,0.605,0.622,0.206,0.867,Moderate
797.5,182.5,0.537,0.599,0.373,0.4,High
488.5,96.0,0.644,0.824,0.195,0.702,Low
375.0,23.3,0.819,0.903,0.09,0.943,Low
405.6,27.7,0.839,0.735,0.189,0.864,Low
851.6,151.6,0.429,0.624,0.47,0.466,High
374.6,45.0,1.0,0.892,0.158,0.866,Low
555.4,71.3,0.723,0.663,0.157,0.625,Moderate
358.6,43.6,0.861,0.923,0.097,0.844,Low
615.1,101.2,0.551,0.715,0.163,0.678,Moderate
372.4,29.5,0.829,0.872,0.081,0.917,Low
438.2,35.0,0.806,0.885,0.074,0.837,Low
414.9,28.7,0.808,0.922,0.069,0.918,Low
383.2,35.2,0.688,0.952,0.046,0.9,Low
711.2,57.7,0.562,0.713,0.143,0.743,Moderate
594.2,124.2,0.516,0.705,0.168,0.751,Moderate
393.4,25.5,0.77,0.881,0.118,0.818,Low
528.5,118.1,0.595,0.646,0.271,0.641,Moderate
570.4,113.6,0.6,0.753,0.215,0.839,Low
611.3,69.6,0.637,0.705,0.146,0.765,Moderate
553.7,93.5,0.657,0.691,0.022,0.681,Low
323.8,20.8,0.919,0.861,0.064,0.909,Low
563.6,99.1,0.707,0.812,0.168,0.647,Low
644.5,55.8,0.759,0.647,0.233,0.668,Low
310.2,36.2,0.698,0.812,0.071,0.722,Low
575.4,90.4,0.668,0.697,0.361,0.697,Moderate
587.2,128.7,0.599,0.713,0.289,0.621,Moderate
419.5,21.5,0.874,0.921,0.0,0.824,Low
350.3,27.0,0.954,0.874,0.052,0.878,Low
812.2,161.3,0.386,0.474,0.36,0.438,High
603.6,125.3,0.649,0.674,0.129,0.806,Moderate
405.5,32.6,0.799,0.77,0.093,0.917,Low
336.4,33.4,0.823,0.915,0.08,0.782,Low
413.7,28.8,0.995,0.766,0.057,0.875,Low
397.9,38.7,0.824,0.9,0.063,0.783,Low
386.5,35.4,0.864,0.845,0.081,0.914,Low
574.9,58.9,0.533,0.758,0.317,0.774,Low
579.6,129.1,0.676,0.685,0.264,0.578,Low
398.8,42.1,0.808,0.828,0.079,0.851,Low
349.7,20.0,0.712,0.784,0.09,0.889,Low
651.5,75.2,0.657,0.589,0.317,0.58,Moderate
318.9,35.3,0.837,0.869,0.018,0.999,Low
531.7,113.9,0.69,0.68,0.319,0.648,Low
604.5,56.9,0.57,0.628,0.194,0.716,Low
380.4,42.1,0.921,0.858,0.061,0.937,Low
522.9,100.6,0.63,0.774,0.18,0.547,Low
407.6,20.0,0.761,0.819,0.039,0.835,Low
653.0,110.5,0.597,0.779,0.146,0.584,Low
552.4,61.6,0.751,0.58,0.178,0.698,Moderate
608.8,75.8,0.671,0.707,0.109,0.743,Low
582.0,66.1,0.412,0.711,0.296,0.76,Moderate
845.2,183.1,0.37,0.567,0.368,0.518,High
422.3,44.4,0.871,0.885,0.0,0.876,Low
537.3,126.1,0.615,0.732,0.274,0.6,Moderate
689.2,91.0,0.599,0.719,0.237,0.791,Moderate
335.3,24.9,0.85,0.929,0.054,0.926,Low
584.2,74.0,0.53,0.623,0.307,0.559,Moderate
538.9,86.2,0.557,0.765,0.347,0.627,Low
401.6,33.5,0.931,0.949,0.033,0.911,Low
562.3,76.8,0.574,0.583,0.127,0.686,Moderate
440.5,28.9,0.769,0.982,0.036,0.78,Low
310.1,33.7,0.896,0.803,0.084,0.904,Low
376.7,36.9,0.836,0.831,0.14,0.955,Low
427.6,45.1,0.694,0.936,0.106,0.788,Low
767.1,166.9,0.517,0.571,0.348,0.599,Moderate
560.4,49.4,0.61,0.735,0.193,0.714,Moderate
728.1,156.5,0.422,0.533,0.304,0.449,High
580.9,87.8,0.761,0.79,0.277,0.602,Low
394.4,40.7,0.764,0.828,0.148,0.862,Low
604.5,101.3,0.494,0.714,0.319,0.735,Moderate
568.9,74.5,0.634,0.754,0.1,0.703,Low
846.4,176.0,0.55,0.467,0.45,0.409,High
401.5,36.8,0.782,0.774,0.052,0.88,Low
795.1,150.6,0.522,0.449,0.358,0.446,High
401.7,24.6,0.831,0.89,0.052,0.9,Low
384.0,20.0,0.648,0.912,0.122,0.852,Low
334.2,21.4,0.877,0.881,0.123,0.752,Low
396.7,43.5,0.834,0.89,0.064,0.975,Low
340.5,40.3,0.737,0.925,0.084,0.985,Low
368.8,39.2,0.758,0.863,0.084,0.788,Low
374.2,29.1,0.761,0.838,0.085,0.907,Low
433.7,20.0,0.907,0.943,0.08,0.802,Low
812.9,200.0,0.418,0.456,0.38,0.425,High
551.6,57.9,0.608,0.712,0.032,0.701,Low
577.3,70.9,0.803,0.767,0.143,0.747,Low
654.7,93.3,0.653,0.724,0.074,0.665,Low
600.0,82.6,0.612,0.772,0.207,0.624,Low
763.5,183.5,0.435,0.523,0.411,0.441,High
368.2,48.5,0.734,0.839,0.03,0.792,Low
450.5,32.2,0.923,0.938,0.072,1.0,Low
596.1,127.8,0.746,0.729,0.273,0.73,Low
423.0,50.3,0.762,0.912,0.086,0.873,Low
812.5,196.0,0.455,0.542,0.5,0.558,High
520.7,113.3,0.563,0.629,0.167,0.625,Moderate
697.7,160.8,0.416,0.486,0.469,0.451,High
635.6,62.5,0.629,0.696,0.12,0.768,Moderate
339.5,42.0,0.698,0.917,0.122,0.912,Low
523.0,125.9,0.579,0.695,0.197,0.719,Moderate
330.6,46.6,0.874,0.862,0.061,0.919,Low
426.5,26.9,0.849,0.899,0.076,0.85,Low
428.6,29.0,0.675,0.918,0.032,0.922,Low
660.1,105.7,0.716,0.841,0.288,0.706,Low
686.1,77.7,0.498,0.661,0.269,0.693,Moderate
321.2,36.4,0.909,0.913,0.108,0.976,Low
651.4,119.3,0.67,0.689,0.22,0.578,Low
501.3,111.7,0.656,0.628,0.136,0.71,Low
637.2,101.8,0.667,0.793,0.279,0.72,Low
721.2,200.0,0.323,0.498,0.301,0.518,High
475.7,117.8,0.547,0.69,0.285,0.701,Low
605.7,81.5,0.605,0.715,0.157,0.76,Moderate
797.3,161.9,0.483,0.512,0.389,0.446,High
800.6,167.7,0.353,0.508,0.36,0.431,High
311.9,30.4,0.771,0.943,0.039,0.834,Low
434.8,23.6,0.79,0.9,0.115,0.857,Low
303.3,33.5,0.928,0.897,0.089,0.816,Low
322.9,42.8,0.752,0.879,0.005,0.856,Low
332.6,20.0,0.863,0.978,0.125,0.921,Low
429.0,36.4,0.725,0.85,0.148,0.876,Low
554.5,115.9,0.595,0.774,0.183,0.523,Moderate
390.5,22.4,0.792,1.0,0.031,0.92,Low
344.3,39.0,0.717,0.897,0.044,0.837,Low
602.8,85.2,0.626,0.731,0.195,0.6,Moderate
384.6,26.6,0.852,0.908,0.101,0.821,Low
365.6,40.4,0.844,0.903,0.134,0.921,Low
537.1,83.5,0.695,0.698,0.174,0.621,Low
675.5,84.9,0.616,0.615,0.356,0.568,Moderate
650.3,80.9,0.566,0.622,0.389,0.698,Moderate
541.0,90.0,0.625,0.664,0.304,0.663,Moderate
317.9,32.0,0.84,0.826,0.047,0.847,Low
665.7,74.6,0.649,0.669,0.273,0.591,Moderate
741.6,155.8,0.507,0.53,0.358,0.4,High
810.3,164.9,0.449,0.418,0.33,0.56,High
799.9,173.3,0.333,0.451,0.459,0.553,High
714.7,128.0,0.392,0.464,0.351,0.4,High
751.9,131.1,0.323,0.541,0.397,0.514,High
463.0,31.3,0.886,0.929,0.115,0.89,Low
618.1,62.1,0.466,0.591,0.201,0.728,Moderate
359.9,30.1,0.753,0.767,0.089,0.983,Low
626.8,49.4,0.511,0.683,0.229,0.599,Moderate
414.1,47.5,0.973,0.929,0.071,0.932,Low
398.7,40.1,0.834,0.825,0.039,0.874,Low
386.0,28.2,0.854,1.0,0.01,0.915,Low
576.0,101.3,0.581,0.69,0.229,0.656,Moderate
323.3,41.5,0.671,0.942,0.097,0.906,Low
426.1,29.8,0.734,0.842,0.077,0.829,Low
546.7,57.5,0.664,0.732,0.165,0.501,Moderate
800.2,200.0,0.398,0.484,0.331,0.458,High
883.4,172.5,0.391,0.471,0.416,0.417,High
567.0,74.2,0.423,0.78,0.248,0.714,Moderate
361.4,32.1,0.734,0.773,0.126,0.957,Low
364.9,31.5,0.724,0.862,0.086,0.941,Low
601.2,83.6,0.743,0.8,0.323,0.635,Low
677.6,77.4,0.593,0.719,0.231,0.78,Moderate
409.3,32.9,0.872,0.852,0.174,0.72,Low
566.5,87.9,0.756,0.652,0.312,0.586,Low
860.8,148.1,0.405,0.496,0.477,0.556,High
806.6,131.2,0.35,0.448,0.265,0.568,High
439.8,30.2,0.753,0.867,0.035,0.901,Low
365.1,29.9,0.772,0.874,0.083,0.849,Low
372.7,35.3,0.766,0.94,0.084,0.85,Low
676.0,168.5,0.329,0.585,0.385,0.535,High
428.4,32.3,0.773,0.919,0.105,0.847,Low
300.6,28.9,0.874,0.833,0.08,0.841,Low
406.9,20.0,0.84,0.809,0.104,0.923,Low
347.7,21.5,0.956,0.828,0.143,0.828,Low
611.4,81.9,0.592,0.743,0.187,0.566,Moderate
611.0,114.3,0.586,0.783,0.254,0.624,Low
557.4,84.8,0.674,0.778,0.294,0.698,Low
501.2,134.2,0.455,0.645,0.3,0.697,Moderate
835.7,173.6,0.503,0.541,0.44,0.429,High
752.8,182.4,0.463,0.638,0.497,0.544,High
416.7,27.3,0.878,0.818,0.105,0.801,Low
422.9,38.3,0.797,0.753,0.072,0.912,Low
372.6,31.8,0.826,0.864,0.138,0.748,Low
388.8,35.8,0.95,0.997,0.049,0.88,Low
617.7,84.0,0.524,0.68,0.15,0.763,Moderate
586.7,93.8,0.726,0.781,0.212,0.7,Low
406.1,23.6,0.917,0.984,0.127,0.805,Low
349.6,37.9,0.943,0.841,0.065,0.897,Low
502.1,71.1,0.622,0.679,0.263,0.901,Low
665.1,50.3,0.495,0.658,0.2,0.63,Low
378.7,37.7,0.906,0.885,0.058,0.941,Low
428.2,46.4,0.757,0.856,0.043,0.9,Low
642.1,110.5,0.62,0.776,0.272,0.795,Low
361.6,20.0,0.904,0.901,0.068,0.866,Low
482.2,28.6,0.752,0.885,0.127,1.0,Low
698.3,89.5,0.545,0.624,0.279,0.699,Moderate
531.9,124.2,0.573,0.851,0.262,0.606,Low
365.0,33.4,0.881,0.941,0.129,0.81,Low
444.6,60.5,0.64,0.631,0.214,0.707,Low
330.0,35.2,0.655,0.839,0.043,0.866,Low
443.3,23.8,0.979,0.833,0.087,0.911,Low
477.8,29.6,0.676,0.969,0.047,0.858,Low
346.4,41.8,0.826,0.839,0.12,0.895,Low
387.4,48.9,0.83,0.832,0.072,0.928,Low
371.1,23.5,0.759,0.89,0.128,0.899,Low
645.7,100.8,0.556,0.763,0.259,0.615,Low
485.3,40.3,0.835,0.908,0.135,0.875,Low
356.4,43.4,0.806,0.816,0.029,0.972,Low
565.9,110.2,0.594,0.599,0.243,0.777,Moderate
656.2,95.3,0.732,0.74,0.113,0.82,Moderate
499.4,102.6,0.719,0.835,0.318,0.724,Low
356.3,37.3,0.723,0.867,0.059,0.847,Low
391.4,20.0,0.63,0.86,0.072,0.891,Low
385.1,27.7,0.901,0.891,0.102,0.884,Low
464.1,41.0,0.781,0.929,0.014,0.887,Low
799.1,163.3,0.377,0.449,0.353,0.487,High
513.2,134.3,0.382,0.677,0.228,0.721,Moderate
324.2,29.3,0.87,0.942,0.024,1.0,Low
344.1,21.9,0.86,0.859,0.06,0.916,Low
356.1,45.8,0.776,0.976,0.128,0.897,Low
789.6,150.8,0.382,0.445,0.267,0.557,High
803.9,139.3,0.33,0.5,0.482,0.4,High
425.7,20.0,0.726,0.896,0.183,0.799,Low
428.2,28.8,0.69,0.906,0.105,0.987,Low
564.3,151.0,0.584,0.657,0.347,0.562,Moderate
379.9,32.7,0.9,0.826,0.083,0.858,Low
344.4,34.4,0.888,1.0,0.103,0.729,Low
417.4,36.8,0.92,0.904,0.142,0.854,Low
545.7,70.2,0.563,0.648,0.257,0.533,Moderate
351.0,37.0,0.701,0.886,0.051,0.786,Low
433.5,46.8,0.811,0.94,0.156,0.925,Low
819.0,150.9,0.381,0.552,0.372,0.454,High
512.0,109.0,0.691,0.755,0.164,0.545,Low
813.6,164.7,0.47,0.471,0.446,0.554,High
395.3,26.8,0.862,0.977,0.081,0.792,Low
431.6,42.6,0.78,0.795,0.047,0.842,Low
860.5,142.7,0.3,0.439,0.399,0.429,High
419.6,29.1,0.79,0.923,0.057,0.905,Low
711.9,190.7,0.555,0.521,0.337,0.482,High
572.3,98.5,0.728,0.754,0.277,0.646,Low
630.7,118.8,0.67,0.674,0.206,0.825,Low
393.6,31.7,0.712,0.893,0.084,0.988,Low
602.7,99.4,0.567,0.722,0.253,0.755,Moderate
394.5,41.1,0.802,0.824,0.083,0.891,Low
419.9,27.7,0.738,0.862,0.081,0.864,Low
325.3,22.5,0.602,0.937,0.081,0.943,Low
388.6,29.4,0.696,0.985,0.136,0.857,Low
520.3,135.7,0.471,0.68,0.226,0.812,Moderate
579.8,90.5,0.599,0.743,0.121,0.647,Low
808.7,177.0,0.41,0.5,0.393,0.532,High
506.0,52.8,0.751,0.757,0.213,0.644,Low
456.2,28.9,0.911,0.882,0.072,0.97,Low
594.9,49.4,0.646,0.661,0.121,0.639,Moderate
337.4,27.1,0.839,0.8,0.054,0.78,Low
779.0,182.9,0.349,0.498,0.337,0.406,High
364.6,37.9,0.749,0.899,0.099,0.852,Low
371.9,37.2,0.946,0.884,0.054,0.827,Low
417.3,20.0,0.859,0.828,0.06,0.826,Low
627.4,122.5,0.635,0.616,0.205,0.621,Moderate
374.6,39.1,0.865,0.872,0.096,0.847,Low
858.9,145.9,0.484,0.417,0.377,0.457,High
796.7,181.5,0.313,0.442,0.316,0.572,High
553.4,119.5,0.595,0.676,0.165,0.598,Moderate
520.9,125.1,0.576,0.737,0.319,0.668,Moderate
366.9,43.0,0.731,0.949,0.086,0.845,Low
358.6,32.4,0.735,0.877,0.099,0.867,Low
819.8,139.8,0.47,0.529,0.493,0.649,High
370.2,41.0,0.926,0.841,0.095,0.872,Low
565.6,48.3,0.687,0.642,0.21,0.743,Low
745.4,87.5,0.449,0.502,0.491,0.508,High
426.0,32.8,0.915,0.847,0.086,0.914,Low
560.0,117.3,0.609,0.66,0.181,0.835,Moderate
334.6,39.9,0.844,0.977,0.054,0.824,Low
527.0,25.3,0.625,0.766,0.149,0.748,Low
410.1,23.1,0.835,0.953,0.099,0.837,Low
468.4,111.6,0.569,0.714,0.291,0.636,Low
426.6,34.1,0.888,0.858,0.084,0.871,Low
331.7,32.5,0.845,0.99,0.033,0.911,Low
405.2,20.0,0.853,0.933,0.104,0.875,Low
678.6,164.8,0.374,0.471,0.5,0.568,High
438.3,20.0,0.826,0.887,0.029,0.903,Low
565.0,152.5,0.435,0.725,0.121,0.687,Moderate
374.9,26.7,0.759,0.996,0.098,0.778,Low
780.3,180.5,0.483,0.46,0.398,0.442,High
781.8,153.2,0.393,0.639,0.5,0.506,High
534.4,86.8,0.556,0.657,0.33,0.682,Low
650.7,84.7,0.573,0.589,0.216,0.636,Moderate
505.9,61.9,0.595,0.643,0.235,0.654,Moderate
796.8,185.4,0.326,0.59,0.356,0.63,High
522.2,61.1,0.699,0.698,0.285,0.856,Low
387.7,46.4,0.745,0.882,0.135,0.782,Low
587.4,107.7,0.64,0.629,0.185,0.794,Moderate
595.0,110.2,0.584,0.646,0.273,0.77,Moderate
373.5,51.2,0.865,0.801,0.076,0.865,Low
368.4,31.4,0.787,0.968,0.065,0.883,Low
383.2,35.7,0.826,0.828,0.072,0.926,Low
386.7,39.2,0.865,0.87,0.044,0.807,Low
619.0,110.3,0.605,0.656,0.151,0.593,Moderate
652.7,77.7,0.715,0.687,0.173,0.592,Low
336.6,56.2,0.753,0.925,0.074,0.861,Low
333.7,20.0,0.83,0.842,0.147,0.94,Low
588.2,24.5,0.595,0.707,0.231,0.677,Moderate
595.4,102.1,0.74,0.726,0.211,0.768,Low
349.4,34.7,0.644,0.959,0.07,0.899,Low
468.3,92.8,0.723,0.693,0.153,0.632,Low
373.9,50.1,0.772,0.851,0.098,0.87,Low
700.2,158.5,0.393,0.588,0.342,0.549,High
376.1,23.9,0.715,0.996,0.074,0.936,Low
633.6,83.6,0.592,0.751,0.267,0.695,Moderate
475.5,80.7,0.472,0.742,0.173,0.554,Moderate
348.2,36.5,0.804,0.81,0.012,0.884,Low
373.6,39.3,0.888,0.889,0.067,0.881,Low
423.7,44.0,0.979,1.0,0.033,0.86,Low
900.0,159.0,0.417,0.414,0.409,0.615,High
657.2,74.8,0.584,0.621,0.16,0.527,Moderate
601.3,124.2,0.717,0.662,0.167,0.622,Low
300.0,40.9,0.826,0.908,0.122,0.892,Low
534.6,84.1,0.416,0.637,0.193,0.724,Moderate
735.0,128.8,0.3,0.478,0.5,0.499,High
485.6,59.5,0.611,0.56,0.15,0.633,Moderate
700.7,106.9,0.42,0.523,0.447,0.402,High
595.7,74.8,0.633,0.654,0.162,0.735,Moderate
374.4,47.1,0.785,0.86,0.057,0.813,Low
557.1,73.0,0.553,0.652,0.335,0.623,Moderate
391.7,34.3,0.729,0.826,0.141,0.882,Low
663.7,63.9,0.584,0.688,0.1,0.607,Moderate
636.2,75.3,0.578,0.575,0.285,0.768,Moderate
423.4,51.0,0.854,0.973,0.072,0.774,Low
590.2,113.9,0.649,0.859,0.082,0.673,Low
510.8,68.9,0.521,0.692,0.178,0.705,Low
555.4,97.1,0.713,0.731,0.35,0.759,Moderate
585.8,81.9,0.609,0.644,0.248,0.535,Moderate
550.0,101.0,0.627,0.774,0.152,0.674,Low
805.5,187.7,0.372,0.477,0.435,0.47,High
542.6,98.5,0.539,0.766,0.122,0.778,Moderate
392.8,33.4,0.881,0.911,0.133,0.959,Low
547.5,88.2,0.717,0.668,0.194,0.828,Low
411.1,34.4,0.709,0.942,0.05,0.883,Low
300.0,31.6,0.91,0.956,0.04,0.935,Low
367.1,36.1,0.9,0.896,0.075,0.938,Low
419.8,40.3,0.783,0.789,0.092,0.785,Low
371.5,46.8,0.868,0.759,0.088,0.861,Low
360.3,30.1,0.83,0.842,0.084,0.844,Low
423.8,20.0,0.88,0.964,0.142,0.911,Low
345.2,31.6,0.851,0.832,0.034,0.908,Low
692.0,121.1,0.684,0.769,0.265,0.716,Low
592.0,88.0,0.627,0.668,0.256,0.615,Moderate
414.6,34.9,0.783,0.858,0.08,0.977,Low
330.5,41.8,0.858,0.827,0.139,0.912,Low
389.2,34.6,0.738,0.817,0.115,0.763,Low
809.8,152.6,0.421,0.468,0.397,0.514,High
524.3,75.2,0.568,0.681,0.315,0.652,Moderate
334.3,40.4,0.928,0.804,0.159,0.905,Low
638.4,87.2,0.73,0.718,0.296,0.776,Moderate
714.5,179.9,0.387,0.53,0.408,0.486,High
476.7,41.7,0.716,0.646,0.229,0.671,Low
374.9,32.6,0.839,0.923,0.042,0.932,Low
438.0,20.7,0.842,0.862,0.108,0.807,Low
565.3,100.9,0.558,0.641,0.236,0.686,Moderate
556.3,98.0,0.574,0.641,0.2,0.64,Moderate
369.8,28.4,0.822,0.886,0.033,0.862,Low
559.7,85.7,0.685,0.71,0.306,0.679,Low
533.8,103.7,0.743,0.603,0.206,0.631,Low
860.7,157.3,0.496,0.498,0.456,0.496,High
510.2,135.8,0.554,0.653,0.159,0.772,Low
369.4,45.4,0.775,0.905,0.033,1.0,Low
446.2,29.1,0.953,0.855,0.107,0.846,Low
405.6,21.8,0.795,0.952,0.104,0.856,Low
322.1,34.4,0.703,0.959,0.08,0.891,Low
684.9,80.2,0.599,0.885,0.209,0.57,Moderate
802.0,156.7,0.555,0.559,0.336,0.489,High
343.6,56.1,0.765,0.921,0.067,0.81,Low
613.5,24.4,0.509,0.767,0.155,0.696,Moderate
329.7,42.3,0.895,0.924,0.121,0.974,Low
333.0,27.1,0.892,0.948,0.053,0.835,Low
329.1,22.5,0.796,0.896,0.097,0.849,Low
320.2,44.6,0.923,0.842,0.064,0.955,Low
376.3,50.6,0.859,0.913,0.103,0.847,Low
385.1,23.2,0.97,0.939,0.082,0.864,Low
458.0,142.8,0.549,0.7,0.222,0.84,Low
604.4,66.0,0.632,0.692,0.144,0.709,Moderate
591.6,73.7,0.689,0.656,0.003,0.69,Low
460.0,55.3,0.807,0.83,0.103,0.858,Low
595.0,69.7,0.727,0.659,0.266,0.579,Low
595.7,115.6,0.602,0.628,0.255,0.613,Moderate
434.4,35.3,0.822,0.924,0.082,0.918,Low
383.5,69.6,0.729,0.698,0.196,0.773,Low
489.7,100.5,0.614,0.802,0.169,0.655,Low
726.9,147.0,0.3,0.493,0.397,0.47,High
534.9,38.9,0.611,0.726,0.16,0.615,Moderate
619.7,66.7,0.615,0.676,0.173,0.772,Moderate
365.8,39.1,0.793,0.932,0.042,0.949,Low
378.8,21.7,0.874,0.868,0.012,0.9,Low
557.3,93.6,0.625,0.804,0.163,0.643,Low
389.9,51.0,0.804,0.827,0.087,0.915,Low
531.3,82.8,0.647,0.728,0.223,0.578,Moderate
586.6,105.4,0.563,0.704,0.173,0.713,Moderate
338.1,26.7,0.711,0.837,0.0,0.862,Low
358.6,36.5,0.824,0.955,0.184,0.948,Low
414.7,20.0,0.795,0.866,0.103,0.917,Low
397.8,27.0,0.916,0.917,0.087,0.903,Low
363.0,40.0,0.836,0.855,0.11,0.87,Low
339.5,20.0,0.82,0.841,0.07,0.822,Low
554.1,99.4,0.496,0.598,0.247,0.644,Moderate
347.5,32.3,0.748,0.898,0.133,0.768,Low
554.7,61.7,0.658,0.77,0.282,0.709,Low
785.9,137.5,0.461,0.577,0.332,0.506,High
575.5,68.6,0.575,0.629,0.216,0.66,Moderate
638.2,101.8,0.587,0.681,0.207,0.695,Moderate
603.4,90.0,0.594,0.658,0.123,0.783,Moderate
468.2,47.0,0.719,0.927,0.121,0.856,Low
671.7,99.1,0.537,0.747,0.294,0.696,Moderate
711.9,156.2,0.437,0.511,0.448,0.453,High
388.9,30.9,0.903,0.839,0.051,0.71,Low
300.0,25.5,0.855,0.745,0.06,0.948,Low
524.4,66.0,0.633,0.72,0.35,0.758,Moderate
760.9,105.7,0.56,0.684,0.159,0.488,Moderate
392.5,52.8,0.69,0.883,0.052,0.911,Low
521.1,69.2,0.741,0.791,0.198,0.778,Low
382.3,37.8,0.776,0.881,0.111,0.888,Low
620.0,88.4,0.577,0.713,0.108,0.663,Moderate
470.4,116.2,0.621,0.612,0.254,0.759,Low
793.9,182.5,0.367,0.522,0.385,0.4,High
527.6,114.1,0.544,0.709,0.326,0.638,Moderate
779.1,115.0,0.354,0.4,0.426,0.538,High
367.0,42.4,0.83,0.761,0.118,0.857,Low
303.9,22.5,0.831,0.894,0.092,0.88,Low
362.5,20.0,0.758,0.933,0.144,0.919,Low
872.6,162.1,0.522,0.664,0.296,0.496,Moderate
585.2,79.4,0.664,0.703,0.169,0.678,Low
617.6,83.1,0.661,0.615,0.185,0.672,Low
392.5,36.3,0.885,0.844,0.082,0.84,Low
822.4,189.8,0.434,0.594,0.402,0.536,High
594.8,65.1,0.831,0.677,0.265,0.679,Low
410.0,50.5,0.761,0.781,0.067,0.824,Low
354.0,41.1,0.816,0.83,0.104,0.92,Low
759.8,163.4,0.436,0.55,0.402,0.58,High
553.3,76.0,0.677,0.656,0.19,0.765,Low
627.9,60.6,0.611,0.769,0.134,0.714,Low
777.6,116.1,0.408,0.461,0.33,0.481,High
482.0,41.5,0.749,0.964,0.04,0.847,Low
434.7,25.0,0.655,0.945,0.142,0.76,Low
398.4,37.3,0.757,0.796,0.12,0.891,Low
595.3,74.5,0.548,0.528,0.204,0.795,Moderate
397.4,41.2,0.773,0.859,0.091,0.871,Low
477.5,120.7,0.629,0.797,0.271,0.685,Low
733.5,180.3,0.341,0.565,0.402,0.4,High
363.8,20.0,0.926,0.89,0.098,0.852,Low
535.9,131.7,0.656,0.639,0.375,0.711,Moderate
732.2,164.2,0.511,0.498,0.398,0.582,High
415.1,33.0,0.845,0.92,0.064,0.929,Low
318.9,30.0,0.755,0.856,0.104,0.776,Low
398.4,37.9,0.759,0.95,0.054,0.908,Low
355.8,42.3,0.849,0.938,0.094,0.783,Low
610.9,80.6,0.72,0.623,0.263,0.514,Low
620.6,63.0,0.645,0.795,0.278,0.778,Low
615.9,46.9,0.558,0.797,0.193,0.531,Moderate
900.0,174.1,0.454,0.451,0.417,0.498,High
320.0,31.5,0.898,0.835,0.156,0.794,Low
372.8,48.7,0.741,0.853,0.106,0.886,Low
387.0,25.3,0.814,0.948,0.016,0.838,Low
429.0,33.2,0.74,0.821,0.068,0.862,Low
606.1,82.4,0.553,0.677,0.244,0.753,Moderate
420.0,26.0,0.841,0.879,0.074,0.851,Low
648.2,67.2,0.657,0.725,0.309,0.696,Low
366.0,20.0,0.77,0.862,0.052,0.883,Low
300.0,22.1,0.871,0.928,0.006,0.831,Low
573.3,126.0,0.587,0.665,0.209,0.828,Moderate
748.5,173.5,0.446,0.445,0.441,0.469,High
556.0,64.2,0.523,0.726,0.195,0.576,Moderate
645.5,53.1,0.661,0.682,0.176,0.696,Low
783.7,139.7,0.34,0.41,0.418,0.4,High
592.5,71.9,0.702,0.671,0.127,0.657,Low
632.7,70.7,0.563,0.627,0.268,0.676,Moderate
340.8,31.0,0.574,0.927,0.073,0.736,Low
492.6,79.5,0.502,0.756,0.249,0.709,Low
352.1,25.5,0.787,0.812,0.089,0.926,Low
900.0,188.5,0.393,0.486,0.48,0.551,High
373.8,26.4,0.662,0.864,0.08,0.975,Low
603.4,110.7,0.628,0.659,0.183,0.711,Moderate
622.9,127.7,0.443,0.4,0.471,0.553,High
611.7,87.1,0.496,0.768,0.319,0.583,Low
355.0,36.4,0.917,0.745,0.143,0.856,Low
624.1,91.5,0.647,0.72,0.176,0.539,Moderate
348.5,27.2,0.964,0.932,0.07,0.92,Low
397.7,30.8,0.765,0.953,0.105,0.745,Low
353.3,27.2,0.77,0.932,0.081,0.797,Low
371.2,28.6,0.846,0.977,0.098,0.958,Low
378.9,36.2,0.855,0.825,0.106,0.782,Low
359.6,42.3,0.956,0.741,0.125,0.919,Low
667.1,71.5,0.715,0.697,0.274,0.684,Low
592.6,83.4,0.656,0.682,0.361,0.698,Moderate
362.9,35.9,0.723,0.879,0.061,0.813,Low
580.4,69.9,0.647,0.611,0.279,0.843,Moderate
364.7,50.1,0.995,0.866,0.019,0.937,Low
389.0,40.0,0.793,0.827,0.126,0.899,Low
322.3,41.9,0.859,0.86,0.145,0.843,Low
383.1,21.2,0.835,0.855,0.114,0.889,Low
566.2,114.3,0.55,0.698,0.154,0.585,Moderate
459.8,30.4,0.816,0.805,0.104,0.904,Low
601.1,78.2,0.638,0.692,0.287,0.746,Moderate
433.3,40.8,0.794,0.913,0.083,0.959,Low
444.0,40.6,0.962,0.807,0.123,0.941,Low
679.1,152.6,0.393,0.407,0.384,0.541,High
390.0,34.9,0.764,0.92,0.017,0.881,Low
536.4,108.1,0.635,0.752,0.223,0.489,Moderate
657.0,20.0,0.661,0.667,0.144,0.69,Low
771.1,172.7,0.404,0.442,0.365,0.428,High
371.6,49.2,0.777,0.835,0.033,0.882,Low
597.1,93.5,0.571,0.674,0.264,0.655,Moderate
770.3,159.4,0.359,0.515,0.279,0.518,High
602.4,111.3,0.735,0.681,0.094,0.701,Low
572.0,93.6,0.653,0.722,0.205,0.711,Low
354.9,35.7,0.69,0.858,0.103,0.818,Low
560.8,29.9,0.497,0.623,0.227,0.707,Low
364.8,42.2,0.837,0.86,0.132,0.997,Low
330.2,40.2,1.0,0.897,0.085,0.877,Low
505.3,89.3,0.416,0.685,0.157,0.707,Moderate
418.7,28.2,0.668,0.895,0.057,0.869,Low
350.8,54.7,0.695,1.0,0.064,0.891,Low
348.6,41.0,0.707,0.902,0.0,0.896,Low
414.0,22.3,0.874,0.883,0.144,0.829,Low
560.2,47.5,0.787,0.682,0.208,0.715,Low
504.6,94.2,0.654,0.749,0.354,0.506,Moderate
572.5,31.5,0.504,0.723,0.24,0.734,Moderate
342.2,37.6,0.824,0.831,0.142,0.778,Low
453.4,41.0,0.768,0.863,0.154,0.823,Low
474.1,97.3,0.648,0.747,0.267,0.822,Low
406.5,23.9,0.703,0.992,0.015,0.859,Low
467.9,100.4,0.54,0.744,0.157,0.806,Low
532.7,83.5,0.717,0.612,0.133,0.757,Low
373.7,37.2,0.76,0.824,0.093,0.826,Low
325.6,47.3,0.859,0.986,0.111,0.804,Low
480.9,78.8,0.708,0.719,0.123,0.641,Low
622.8,84.3,0.495,0.599,0.297,0.65,Moderate
641.3,76.7,0.395,0.722,0.366,0.677,Moderate
660.6,143.1,0.387,0.443,0.246,0.473,High
384.0,39.7,0.81,0.886,0.014,0.818,Low
756.1,172.2,0.435,0.659,0.41,0.406,High
419.8,20.0,0.84,0.826,0.057,0.931,Low
570.5,76.6,0.88,0.719,0.161,0.786,Low
705.3,107.7,0.589,0.686,0.2,0.648,Moderate
638.3,106.9,0.521,0.58,0.133,0.646,Moderate
622.2,76.8,0.643,0.708,0.341,0.602,Moderate
499.6,84.6,0.912,0.763,0.262,0.744,Low
380.1,53.1,0.811,0.857,0.033,0.888,Low
391.7,23.0,0.856,0.894,0.121,0.953,Low
383.8,24.6,0.754,0.986,0.087,0.985,Low
399.9,42.5,0.895,0.807,0.092,0.806,Low
339.0,40.6,0.7,0.949,0.053,0.818,Low
693.9,145.5,0.3,0.482,0.466,0.467,High
385.5,54.6,0.883,0.898,0.116,0.872,Low
481.9,114.2,0.61,0.68,0.181,0.692,Low
537.8,42.4,0.555,0.664,0.231,0.837,Moderate
351.4,36.5,0.867,0.924,0.113,0.938,Low
558.7,92.7,0.737,0.74,0.063,0.68,Low
625.0,99.8,0.727,0.652,0.29,0.693,Low
672.3,102.0,0.829,0.742,0.156,0.677,Low
512.5,62.7,0.589,0.737,0.266,0.691,Low
337.1,48.0,0.879,0.957,0.062,0.871,Low
593.5,129.5,0.503,0.654,0.166,0.672,Moderate
374.6,42.7,0.823,0.898,0.096,0.895,Low
408.1,33.8,0.952,1.0,0.108,0.894,Low
590.8,71.7,0.666,0.649,0.196,0.53,Moderate
345.2,45.6,0.744,0.907,0.05,0.903,Low
346.2,43.8,0.857,0.806,0.072,0.834,Low
493.5,110.7,0.546,0.682,0.222,0.825,Low
333.1,22.6,0.822,0.881,0.0,0.95,Low
651.7,156.4,0.493,0.675,0.378,0.4,Moderate
550.7,74.6,0.555,0.676,0.242,0.635,Moderate
320.7,31.2,0.686,0.887,0.002,0.933,Low
365.5,52.1,0.877,0.765,0.026,0.856,Low
469.5,25.6,0.746,0.972,0.088,0.943,Low
432.6,33.6,0.91,0.903,0.038,0.879,Low
419.3,41.7,0.817,0.766,0.008,0.785,Low
321.0,45.2,0.719,0.798,0.084,0.938,Low
674.8,59.7,0.814,0.57,0.185,0.725,Moderate
336.6,31.9,0.934,0.881,0.061,0.707,Low
478.0,88.3,0.637,0.768,0.169,0.61,Low
361.7,47.8,0.904,0.879,0.121,0.738,Low
411.7,23.8,0.961,0.816,0.046,0.914,Low
819.5,148.8,0.426,0.555,0.424,0.452,High
506.5,69.0,0.622,0.626,0.094,0.767,Low
410.4,37.7,0.789,0.814,0.094,0.821,Low
789.1,144.0,0.542,0.545,0.383,0.498,High
733.5,150.3,0.567,0.466,0.395,0.448,High
717.6,170.5,0.403,0.584,0.449,0.543,High
406.6,24.8,0.795,0.793,0.107,0.92,Low
607.1,114.7,0.552,0.637,0.169,0.652,Moderate
415.2,34.0,0.845,0.847,0.055,0.897,Low
658.1,72.7,0.698,0.624,0.365,0.617,Moderate
570.9,128.6,0.546,0.854,0.22,0.758,Low
494.4,78.2,0.728,0.676,0.23,0.556,Low
328.7,42.2,0.834,0.866,0.069,0.851,Low
362.7,53.1,0.844,0.845,0.119,0.917,Low
375.4,20.0,0.987,0.929,0.079,0.859,Low
310.7,54.0,0.946,0.845,0.116,0.91,Low
471.5,119.6,0.442,0.69,0.194,0.643,Moderate
603.7,93.5,0.809,0.603,0.222,0.715,Low
369.7,21.6,0.921,0.9,0.029,0.906,Low
579.9,129.2,0.533,0.821,0.288,0.606,Low
306.7,37.6,0.75,0.898,0.028,0.935,Low
409.5,27.9,0.849,0.885,0.139,0.818,Low
381.8,40.3,0.768,0.858,0.119,0.961,Low
766.0,173.7,0.416,0.405,0.434,0.42,High
371.4,24.8,0.634,0.858,0.06,0.871,Low
400.7,30.0,0.815,0.965,0.118,0.796,Low
362.4,29.0,0.823,0.924,0.116,0.86,Low
359.2,22.5,0.911,0.809,0.105,0.779,Low
406.3,33.6,0.941,0.812,0.057,0.858,Low
366.9,31.6,0.654,0.94,0.194,0.898,Low
404.5,38.9,0.797,0.925,0.0,0.925,Low
494.0,93.0,0.747,0.684,0.16,0.695,Low
612.4,120.6,0.663,0.645,0.098,0.606,Low
411.9,36.8,0.719,0.987,0.063,0.916,Low
614.1,72.6,0.737,0.589,0.147,0.783,Moderate
403.6,60.4,0.825,0.982,0.006,0.795,Low
415.8,20.0,0.804,0.95,0.1,0.881,Low
403.1,28.4,0.85,0.945,0.071,0.884,Low
632.7,64.6,0.572,0.666,0.157,0.536,Moderate
486.8,129.2,0.687,0.672,0.263,0.714,Low
340.8,41.5,0.763,0.874,0.074,0.887,Low
879.8,154.0,0.485,0.554,0.485,0.456,High
600.6,132.8,0.441,0.556,0.322,0.495,High
823.7,174.8,0.398,0.484,0.463,0.512,High
697.1,165.5,0.319,0.452,0.361,0.483,High
558.1,77.4,0.714,0.5,0.198,0.804,Moderate
457.9,58.9,0.666,0.809,0.14,0.649,Low
611.3,23.1,0.664,0.63,0.189,0.732,Low
838.1,117.5,0.414,0.465,0.455,0.528,High
647.6,86.1,0.62,0.742,0.23,0.736,Moderate
583.7,49.4,0.538,0.551,0.144,0.669,Moderate
670.9,100.3,0.641,0.621,0.162,0.62,Low
351.8,31.5,0.798,0.86,0.053,0.888,Low
761.1,120.1,0.402,0.512,0.305,0.439,High
505.5,81.9,0.676,0.827,0.266,0.767,Low
619.1,87.9,0.654,0.634,0.253,0.67,Low
763.4,172.1,0.372,0.409,0.288,0.493,High
362.1,20.0,0.829,0.874,0.06,0.895,Low
588.6,87.9,0.634,0.722,0.201,0.694,Moderate
399.1,30.1,0.812,0.813,0.03,0.893,Low
335.5,25.3,0.882,0.891,0.045,0.845,Low
512.9,119.1,0.613,0.756,0.209,0.775,Low
428.7,20.0,0.816,0.856,0.107,0.944,Low
782.4,151.4,0.415,0.622,0.35,0.452,High
593.4,114.6,0.713,0.741,0.146,0.813,Low
497.1,51.0,0.643,0.651,0.1,0.554,Low
436.2,39.8,0.789,0.903,0.092,0.924,Low
629.5,92.1,0.609,0.764,0.17,0.559,Low
406.4,30.8,0.836,0.85,0.061,0.818,Low
396.5,37.9,0.804,0.79,0.123,0.875,Low
634.5,101.2,0.62,0.699,0.237,0.713,Moderate
597.4,36.2,0.534,0.827,0.27,0.714,Low
680.7,69.4,0.686,0.609,0.205,0.759,Moderate
765.0,150.8,0.401,0.426,0.309,0.53,High
424.7,47.0,0.69,0.838,0.102,0.913,Low
650.1,99.3,0.472,0.662,0.238,0.544,Moderate
390.4,30.2,0.77,0.845,0.023,0.853,Low
447.7,20.0,0.782,0.856,0.073,0.94,Low
499.2,33.9,0.961,0.91,0.058,0.837,Low
779.6,131.8,0.34,0.49,0.418,0.608,High
360.6,39.6,0.69,0.944,0.011,0.928,Low
368.0,22.0,0.72,0.93,0.08,0.862,Low
732.4,200.0,0.452,0.529,0.369,0.547,High
447.7,35.3,0.759,0.88,0.114,0.917,Low
636.9,85.5,0.628,0.785,0.269,0.708,Low
348.6,42.1,0.899,0.862,0.053,0.973,Low
346.7,29.5,0.751,0.931,0.0,0.827,Low
447.7,50.5,0.692,0.766,0.081,0.84,Low
389.2,26.6,0.77,0.834,0.064,0.912,Low
364.0,34.9,0.842,1.0,0.103,0.916,Low
358.9,27.9,0.851,0.781,0.104,0.873,Low
824.0,141.9,0.337,0.492,0.374,0.536,High
550.3,20.0,0.583,0.716,0.27,0.704,Low
360.1,52.1,0.737,0.864,0.037,0.881,Low
571.9,47.6,0.594,0.781,0.202,0.655,Low
657.5,57.9,0.681,0.815,0.291,0.531,Low
420.4,21.7,0.738,0.784,0.047,0.805,Low
621.5,90.4,0.62,0.659,0.274,0.692,Low
554.2,104.7,0.641,0.709,0.167,0.836,Low
751.2,159.2,0.387,0.657,0.383,0.453,High
586.7,149.3,0.647,0.718,0.17,0.817,Moderate
619.2,84.1,0.655,0.642,0.141,0.561,Low
550.0,88.5,0.71,0.66,0.298,0.755,Low
368.7,30.0,0.798,0.88,0.063,0.83,Low
373.6,40.3,0.824,0.885,0.104,0.965,Low
632.2,142.1,0.659,0.723,0.377,0.462,Moderate
419.2,60.7,0.829,0.854,0.067,0.899,Low
576.6,96.3,0.565,0.664,0.293,0.808,Moderate
370.3,43.6,0.789,0.764,0.12,0.862,Low
394.1,39.6,0.69,0.913,0.004,0.926,Low
599.7,116.4,0.58,0.747,0.025,0.768,Low
639.0,133.2,0.664,0.813,0.111,0.733,Low
302.9,41.1,0.89,0.961,0.127,0.834,Low
564.4,90.7,0.536,0.804,0.114,0.723,Low
305.0,32.8,0.719,0.883,0.151,0.892,Low
503.1,64.3,0.614,0.891,0.104,0.73,Low
329.7,43.8,0.816,0.945,0.087,0.764,Low
467.8,67.1,0.539,0.798,0.208,0.78,Low
399.0,42.0,0.783,0.857,0.068,0.781,Low
403.2,35.9,0.927,0.884,0.058,0.883,Low
537.1,72.6,0.657,0.737,0.227,0.482,Moderate
359.9,35.1,0.782,0.972,0.0,0.898,Low
627.2,113.3,0.566,0.623,0.078,0.651,Moderate
368.5,24.7,0.725,0.999,0.079,0.833,Low
556.6,107.2,0.727,0.568,0.175,0.765,Moderate
349.7,30.5,0.775,0.918,0.088,0.886,Low
461.1,78.9,0.838,0.66,0.366,0.646,Low
376.4,39.9,0.946,0.926,0.086,0.98,Low
698.8,106.1,0.601,0.559,0.124,0.816,Moderate
884.4,162.1,0.3,0.444,0.303,0.4,High
512.7,89.8,0.504,0.699,0.335,0.766,Low
855.7,176.2,0.428,0.512,0.419,0.5,High
340.1,25.7,0.805,0.859,0.055,0.838,Low
579.3,88.1,0.536,0.684,0.303,0.763,Moderate
606.2,100.0,0.642,0.671,0.226,0.697,Moderate
900.0,129.8,0.453,0.517,0.4,0.423,High
630.0,94.2,0.591,0.695,0.25,0.52,Moderate
632.4,150.7,0.663,0.68,0.209,0.737,Low
373.0,52.1,0.955,0.86,0.077,0.879,Low
514.8,121.2,0.718,0.775,0.215,0.831,Low
496.7,84.3,0.606,0.695,0.127,0.736,Low
511.2,70.8,0.665,0.658,0.211,0.594,Low
649.0,102.3,0.616,0.693,0.169,0.644,Moderate
463.5,37.8,0.937,0.832,0.03,0.821,Low
374.0,27.3,0.827,0.891,0.108,0.968,Low
382.6,20.0,0.963,1.0,0.105,0.885,Low
763.7,148.4,0.485,0.519,0.5,0.482,High
350.3,40.1,0.716,0.831,0.133,0.823,Low
667.0,58.2,0.541,0.748,0.239,0.752,Moderate
355.3,23.9,0.868,0.937,0.067,0.971,Low
402.5,22.8,0.979,0.853,0.128,0.889,Low
395.0,44.0,0.888,0.859,0.101,0.907,Low
792.7,200.0,0.379,0.604,0.363,0.418,High
614.1,104.9,0.747,0.729,0.277,0.595,Low
820.3,117.1,0.444,0.4,0.383,0.4,High
733.8,195.9,0.337,0.4,0.431,0.4,High
323.0,30.1,0.708,0.89,0.031,0.882,Low
575.1,65.3,0.634,0.651,0.234,0.543,Moderate
900.0,192.7,0.44,0.511,0.356,0.546,High
396.0,39.1,0.868,0.825,0.039,0.817,Low
530.7,103.4,0.597,0.673,0.187,0.494,Moderate
722.0,189.5,0.362,0.4,0.34,0.505,High
738.6,124.9,0.426,0.579,0.477,0.402,High
661.9,88.6,0.622,0.763,0.182,0.507,Moderate
758.4,175.6,0.458,0.414,0.401,0.4,High
399.7,24.3,0.786,0.687,0.102,0.875,Low
603.9,131.3,0.603,0.746,0.159,0.674,Moderate
386.4,22.8,0.756,0.884,0.117,0.969,Low
594.3,134.6,0.474,0.633,0.263,0.692,Moderate
419.1,34.0,0.805,0.915,0.069,0.949,Low
505.0,99.3,0.504,0.609,0.077,0.649,Low
378.7,29.8,0.931,0.959,0.157,0.883,Low
592.5,78.3,0.416,0.745,0.301,0.558,Moderate
558.4,119.8,0.607,0.663,0.308,0.605,Moderate
351.0,26.0,0.729,0.889,0.059,0.909,Low
382.1,49.7,0.85,0.845,0.02,0.841,Low
507.2,71.6,0.597,0.696,0.177,0.72,Low
618.6,104.0,0.489,0.698,0.282,0.765,Moderate
805.3,180.2,0.408,0.536,0.385,0.4,High
353.0,49.3,0.896,0.778,0.037,0.858,Low
